name,body_artwork,body_force_armor_artwork,drone_artwork,jet_angle,jet_distance,credit
Saris,saris.png,saris_force.png,saris_drone.png,115,46,default
Orbiter,orbiter.png,orbiter_force.png,orbiter_drone.png,120,40,default
Ultra C,ultra_c.png,ultra_c_force.png,ultra_c_drone.png,115,35,default
Lobstar,lobstar.png,lobstar_frame.png,lobstar_drone.png,180,45,_capstone
PINGAS,PINGAS_body.png,PINGAS_force.png,,180,20,waypastfuture
Skogul,skogul.png,skogul_force.png,skogul_drone.png,115,45,dragonstrive
Lance,lance.png,lance_force.png,,40,,roborogue
Thunderax,thunderax.png,thunderax.png,,,,roborogue
Dragon,dragon.png,dragon_force.png,,,,roborogue
Spike,spike.png,spike_force.png,spike_drone.png,125,35,hadiros
Pinch,pinch.png,pinch_force.png,pinch_drone.png,140,35,hadiros
Celes,celes.png,celes_force.png,celes_drone.png,110,25,cinnamimitime
Perseus,Perseus.png,Perseus_force.png,Perseus_drone.png,160,50,addisonsynth xorloth
Lightning,Lightning.png,Lightning_force.png,Lightning_drone.png,180,30,addisonsynth xorloth
Warden,Warden.png,Warden_force.png,Warden_drone.png,0,0,addisonsynth xorloth
Windseeker,windseeker.png,windseeker_force.png,windseeker_drone.png,110,20,anthraax
Onslaught,Onslaught.png,Onslaught_force.png,Onslaught_drone.png,140,45,addisonsynth xorloth
Artillery,Artillery.png,Artillery_force.png,Artillery_drone.png,150,40,addisonsynth xorloth
Deconstructor,Deconstructor.png,Deconstructor_force.png,Deconstructor_drone.png,155,42,addisonsynth xorloth
Engineer,engineer.png,engineer_frame.png,engineer_drone.png,60,35,_capstone
Balm,balm.png,balm_force.png,balm_drone.png,160,30,cinnamimitime
Scimitar,scimitar.png,scimitar_force.png,scimitar_drone.png,140,50,fauix
SE,SEbody.png,SEforce.png,,0,30,tempest153
BAD,BAD.png,BAD_force.png,BAD_drone.png,140,50,addisonsynth xorloth
Lanius Cruiser,LC.png,LC_force.png,LC_drone.png,145,40,addisonsynth xorloth
Tracer,Tracer.png,Tracer_force.png,,0,0,redcapricorn
Divine Avenger,divineavenger.png,divineavenger_force.png,,180,160,countblaugh
Pew,pewsquared.png,pewsquared_force.png,,155,35,miss_mediocre
Wyvern,WyvernBody.png,WyvernForce.png,,115,46,tempest153
Millenium Falcon,millenium_falcon.png,millenium_falcon_force.png,millenium_falcon_drone.png,180,50,_ltw
Curvewing,curvewing.png,curvewing_force.png,curvewing_drone.png,142,31,hadiros
Beholder,Behold.png,Behold_force.png,Behold_drone.png,,,hungrygremlin
Razorflight,razorflight.png,razorflight_force.png,,50,100,hadiros
Squidship,Squidship.png,Squidship_force.png,Squidship_drone.png,,,hungrygremlin
Executor,Executor.png,Executor_Force.png,,1,135,ceris5
Jester,Jester.png,Jester_force.png,Jester_drone.png,0,0,addisonsynth
Eater of Worlds,eater_of_worlds.png,eater_of_worlds_force.png,eater_of_worlds_drone.png,181,40,hadiros
Lancer,lancer.png,lancer_force.png,lancer_drone.png,0,0,splathero
The Devil,devil.png,devil_force.png,heart_mite.png,,,babaint
Poly,poly.png,poly_force.png,poly_drone.png,0,-45,splathero
Gyaraga,GalagaShip.png,GalagaShipShield.png,,90,35,evelo
Freefall,freefall.png,freefall_force.png,freefall_drone.png,152,40,akaevertone
Minotaur,minotaur.png,minotaur_force.png,,145,60,twinstick

Battery,battery.png,battery_force.png,battery.png,151,40
Wraith,wraith.png,wraith_force.png,wraith_drone.png,250,35
Death Star,deathstar.png,deathstar_force.png,,115,20
Wasp Hive,wasphive.png,wasphive_force.png,wasphive_drone.png,178,90
Wojciech Mann,mann.png,mann_force.png,,,
Buka,buka.png,buka_force.png,,,
Crabbo,crabbo.png,crabbo.png,crabbo_drone.png,80,105

avtraxi.png,avtraxi_force.png,avtraxi_drone.png,,90,30
Jormungandr,jormungandr_body.png,jormungandr_force.png,,130,55
GWclaw,GWclaw.png,GWclaw_force.png,GWattack_drone.png,87,20
Thresher,thresher.png,thresher_force.png,,126,48
The Pentagon,pentagon.png,pentagonforce.png,pentagondrone.png,103,55
Ophanim,ophanim.png,ophanim_force.png,ophanim_drone.png,155,33
Inferno,inferno.png,inferno_force.png,inferno_drone.png,0,0

Cherub,cherub.png,cherub_force.png,cherub_drone.png,0,0
XS-01 Artemis,XS_01_Artemis_Body.png,XS_01_Artemis_Shield.png,,120,0
Skin,skin.png,blank.png,drone.png,,
Insurgent,insurgent.png,insurgent_force.png,insurgent_drone.png,115,100
Tech 15,tech_15.png,tech_15_force.png,tech_15_drone.png,120,25
Tesseract,tesseract.png,tesseract_force.png,tesseract_drone.png,90,30
ChitinCondition,condition.png,condition_force.png,condition_drone.png,120,50

guhhh,guhhh5.png,guhhhforce.png,,70,35
Wasp,wasp.png,wasp_force.png,wasp_drone.png,140,30
Krystallix,krystallix.png,krystallix_force.png,krystallix_drone.png,115,40
Moth,moth.png,moth_force.png,moth_drone.png,165,33
Radiant,radiant.png,radiant_force.png,radiant_drone.png,180,29
Marauder,marauder.png,marauder_force.png,,160,55
Chimera Cruiser,Chimera_Cruiser__Body.png,Chimera_Cruiser__Force_Armor.png,Chimera_Cruiser__Drone.png,120,45

Dustoff,medivac.png,medivac_force.png,medivac_drone.png,123,37
Areus,areusb.png,areuso.png,areusd.png,115,35
Cockroach,cockroach.png,cockroach_force.png,,159,63
Areus,areusb.png,areuso.png,areusd.png,115,35
DoG,DoG_body.png,DoG_head.png,,115,40
Goliath,goliath.png,null.png,,140,80
Behemoth,behemoth.png,behemoth_force.png,,130,80
Benefactor,BenefactorandDelta(3).png,BenefactorandDelta(1).png,BenefactorandDelta(2).png

Space Whale,SWBody.png,SWForce.png,0,110,50
XM-05 Thanatos,XM_05_Thanatos.png,XM_05_Thanatos_Head.png,,120,0
ND Monday,bhm.png,bhm_force.png,bhm_drone.png,122,60
apollo,apollo (1).png,apollo (1).png,120,0
Little Nullcreator,nullcreator_1.png,nullcreator_3.png,nullcreator_2.png,120,70
Fluss,Fluss.png,FlussShield.png,FlussDrone.png,135,75
UMFxND,UMFxND.png,UMFxND_force.png,UMFxND_drone.png,135,32
Kagami,kagami.png,kagami_force.png,kagami_drone.png,120,40
Crucible,crucible_body.png,crucible_force.png,crucible_drone.png,0,0
Carcible,carcible.png,null.png,carcible_drone.png,0,0
Antlion,AntlionBody.png,AntlionForce.png,AntlionDrone.png,150,40
PITRO,pitro.png,pitro_force.png,pitro_drone.png,100,60
Relikt,relikt.png,relikt_force.png,Relikt_Drone.png,150,40

Lunaria,Lunaria.png,Lunaria_Force.png,Lunaria_drone.png,135,35
AE-86,ae_86.png,ae_86_force.png,ae_86_drone.png,199,70
Moredo,moredo.png,moredo_armor.png,moredo_drone.png,,
Mars,mars.png,mars_force.png,mars_drone.png,107,58
Daedalus,daedalus.png,daedalus_force.png,daedalus_drone.png,179,40
Hyper,hyper.png,hyper_force.png,80,100
Cargo Train,cargo.png,cargo_force.png,,115,20
Lightseeker,LightseekerBody.png,LightseekerForce.png,LightseekerDrone.png,180,15
Egg,egg.png,egg_force.png,110,120
Eggcelent Flier,eggcelent.png,eggcelent_force.png,eggcelent_drone.png,130,80

Prykar,Prykar_body.png,Prykar_force.png,Prykar_drone.png,115,45
Celestial Costume,Enemy_Celestial_Body.png,Enemy_Cel,,,