name,UID
tempest153, 872292077852061736
fauix, 120018768477945856
_capstone, 551431332253794304
cinnamimitime, 161502244284530688
addisonsynth, 690582693532008459
xorloth, 609839100995829783
anthraax, 211671269882462218
hadiros, 266028842395631629
roborogue, 690525302312534058
dragonstrive, 273142382181220353
waypastfuture, 128605704813543424
akaevertone, 235458820845862912
redcapricorn, 889494386721841173
countblaugh, 208701691279704066
miss_mediocre, 251735592734425088
_ltw, 268931190667476998
hungrygremlin, 361743580563374080
avtraxi, 720857220254007337
ceris5, 460824601019023360
splathero, 1088727297755971645
babaint, 598945877419360266
evelo, 110564152539377664
twinstick, 538017698861547521